slno, Wall_1,Humid1, Wall_2,Humid2, Wall_3,Humid3, Wall_4,Humid4, Outside
0,24,69,26,63,27,81,26,69,28
1,24,67,26,63,27,80,26,69,28
2,24,66,26,63,27,80,26,69,28
3,25,67,26,62,27,79,26,68,28
4,25,67,26,62,27,81,26,68,28
5,25,66,26,62,27,80,26,69,28
6,25,67,26,62,27,82,26,69,28
7,25,65,26,62,27,83,26,70,28
8,25,67,26,63,27,82,26,70,28
9,25,67,26,64,27,83,26,71,28
10,25,67,26,64,27,83,26,72,28
11,25,68,26,65,27,84,26,72,28
12,25,67,26,65,27,82,26,73,28
13,25,66,26,65,27,84,26,73,28
14,25,66,26,66,27,83,26,72,28
15,25,67,26,67,27,83,26,72,28
16,25,68,26,66,27,83,26,72,28
17,24,68,26,66,27,82,26,72,28
18,24,68,26,66,27,82,26,72,28
19,24,68,26,65,27,81,26,72,28
20,24,65,26,64,27,83,26,71,28
21,24,67,26,64,27,81,26,70,28
22,24,66,26,64,27,81,26,70,28
23,24,66,26,63,27,80,26,69,28
24,24,65,26,63,27,81,26,68,28
25,24,66,26,62,27,80,26,67,28
26,24,66,26,61,27,79,26,67,28
27,24,66,26,61,27,78,26,66,28
28,24,64,26,60,27,80,26,66,28
29,24,66,26,60,27,78,26,65,28
30,24,65,26,60,27,80,26,65,28
31,24,65,26,59,27,77,26,64,28
32,24,64,26,59,27,78,26,64,28
33,24,64,26,58,27,76,26,63,28
34,24,63,26,58,27,76,26,63,28
35,24,63,26,58,27,77,26,62,28
36,23,63,26,57,27,77,26,62,28
37,23,63,26,57,27,78,26,62,28
38,23,62,26,57,27,76,26,61,28
39,23,61,26,57,27,76,26,61,28
40,23,61,26,57,27,76,26,61,28
41,23,62,26,56,26,75,26,60,28
42,23,61,26,56,26,76,26,60,28
43,23,61,26,55,26,76,26,60,28
44,23,61,26,55,26,78,26,60,28
45,23,62,26,55,26,75,26,60,28
46,23,61,26,55,26,75,26,59,28
47,23,60,26,54,26,74,26,59,28
48,23,60,26,54,26,76,26,58,28
49,23,61,26,54,26,75,26,58,28
50,23,59,26,54,26,75,26,58,28
51,23,59,26,53,26,73,26,58,28
52,23,59,26,53,26,75,26,58,28
53,23,60,26,53,26,74,26,58,28
54,23,59,26,53,26,73,26,57,28
55,23,59,26,53,26,74,26,57,28
56,23,59,26,52,26,74,26,57,28
57,23,60,26,52,26,74,26,57,28
58,23,59,26,52,26,76,26,57,28
59,23,59,26,52,26,72,26,56,28
60,22,59,26,52,26,74,26,56,28
61,22,59,26,51,26,72,26,56,28
62,22,57,26,51,26,74,26,56,28
63,22,58,26,51,26,75,26,56,28
64,22,57,26,51,26,73,26,55,28
65,22,58,26,51,26,73,26,56,28
66,22,56,26,51,26,73,25,54,28
67,22,57,26,51,26,73,25,54,28
68,22,57,26,50,26,75,25,54,28
69,22,58,26,50,26,73,25,54,28
70,22,57,26,50,26,72,25,54,28
71,22,56,26,50,26,72,25,54,28
72,22,57,26,50,26,72,25,54,28
73,22,57,26,50,26,74,25,53,28
74,22,56,26,50,26,73,25,53,28
75,22,57,26,50,26,73,25,53,28
76,22,57,26,48,26,72,25,53,28
77,22,56,26,49,26,73,25,53,28
78,22,56,26,49,26,73,25,53,28
79,22,56,25,48,26,72,25,53,28
80,22,56,25,48,26,72,25,53,28
81,22,56,25,48,26,72,25,53,28
82,22,56,25,48,26,72,25,53,28
83,22,56,25,47,26,73,25,52,28
84,22,55,25,48,26,72,25,52,28
85,22,55,25,48,26,72,25,52,28
86,22,55,25,47,26,74,25,52,28
87,22,55,25,48,26,70,25,51,28
88,22,55,25,47,26,72,25,51,28
89,22,56,25,47,26,70,25,51,28
90,22,55,25,47,26,70,25,51,28
91,22,56,25,47,26,72,25,51,28
92,22,56,25,47,26,72,25,51,28
93,22,55,25,47,26,72,25,51,28
94,22,54,25,47,26,73,25,50,28
95,22,54,25,47,26,71,25,50,28
96,22,55,25,47,26,70,25,50,28
97,22,55,25,47,26,71,25,50,28
98,22,56,25,47,26,71,25,50,28
99,22,53,25,46,26,71,25,50,28
100,22,54,25,46,26,72,25,50,28
101,22,54,25,47,26,71,25,50,28
102,22,53,25,46,26,71,25,50,28
103,22,54,25,46,26,71,25,49,28
104,22,55,25,46,26,71,25,49,28
105,22,55,25,46,26,70,25,49,28
106,22,56,25,46,26,72,25,49,28
107,22,55,25,46,26,70,25,50,28
108,22,54,25,46,26,69,25,50,28
109,23,55,25,46,26,71,25,50,28
110,23,53,25,46,26,72,25,50,28
111,23,54,25,47,26,71,25,51,28
112,23,53,25,45,26,73,25,51,28
113,23,53,25,45,26,71,25,50,28
114,23,53,25,46,26,70,25,50,28
115,23,54,25,46,26,72,25,50,28
116,23,54,25,46,26,72,25,50,28
117,23,54,25,46,26,70,25,50,28
118,23,54,25,45,26,70,25,50,28
119,23,54,25,46,26,70,25,49,28
120,23,53,25,46,26,69,25,49,28
121,23,54,25,46,26,72,25,49,28
122,23,53,25,45,26,72,25,49,28
123,23,55,25,46,26,72,25,49,28
124,23,55,25,46,26,72,25,49,28
125,23,55,25,45,26,73,25,52,28
126,23,55,25,46,26,76,25,54,28
127,23,56,25,45,26,79,25,55,28
128,23,54,25,46,26,76,25,55,28
129,23,56,25,48,26,76,25,56,28
130,23,57,25,49,26,76,25,58,28
131,23,57,25,49,26,76,25,59,28
132,23,58,25,50,26,76,25,60,28
133,23,57,25,50,26,76,25,60,28
134,23,57,25,52,26,77,25,60,28
135,23,57,25,52,26,77,25,60,28
136,23,57,25,53,26,75,25,60,28
137,23,58,25,53,26,77,25,60,28
138,23,59,25,53,26,76,25,60,28
139,23,59,25,53,26,76,25,60,28
140,23,59,25,54,26,75,25,60,28
141,23,59,25,54,26,76,25,59,28
142,23,60,25,54,26,74,25,59,28
143,23,60,25,53,26,75,25,59,28
144,23,59,25,53,26,76,25,58,28
145,23,58,25,53,26,76,25,58,28
146,23,57,25,52,26,78,25,58,28
147,23,57,25,52,26,76,25,57,28
148,23,57,25,52,26,75,25,57,28
149,23,58,25,51,26,74,25,56,28
150,23,58,25,51,26,73,25,56,28
151,23,58,25,51,26,75,25,56,28
152,23,56,25,51,26,74,25,56,28
153,23,57,25,51,26,74,25,55,28
154,23,57,25,50,26,75,25,55,28
155,23,58,25,50,26,74,25,55,28
156,23,57,25,50,26,74,25,54,28
157,22,57,25,50,26,73,25,54,28
158,22,56,25,49,26,72,25,54,28
159,22,56,25,50,26,73,25,54,28
160,22,57,25,50,26,73,25,54,28
161,22,56,25,50,26,73,25,54,28
162,22,55,25,49,26,72,25,53,28
163,22,56,25,49,26,72,25,53,28
164,22,56,25,49,26,74,25,53,28
165,22,57,25,49,26,74,25,53,28
166,22,57,25,48,26,74,25,53,28
167,22,57,25,48,26,72,25,52,28
168,22,56,25,48,26,73,25,52,28
169,22,56,25,48,26,72,25,52,28
170,22,54,25,48,26,72,25,52,28
171,22,54,25,48,26,73,25,52,28
172,22,55,25,48,26,72,25,52,28
173,22,56,25,48,26,72,25,52,28
174,22,55,25,48,26,73,25,52,28
175,22,54,25,47,26,74,25,52,28
176,22,55,25,47,26,74,25,51,28
177,22,54,25,47,26,72,25,51,28
178,22,54,25,47,26,71,25,51,28
179,22,54,25,47,26,72,25,51,28
180,22,54,25,47,26,71,25,51,28
181,22,55,25,47,26,71,25,50,28
182,22,54,25,47,26,70,25,50,28
183,22,54,25,46,26,71,25,50,28
184,22,55,25,46,26,73,25,50,28
185,22,54,25,46,26,72,25,50,28
186,22,55,25,46,26,72,25,50,28
187,22,54,25,46,26,71,25,50,28
188,22,53,25,46,26,72,25,50,28
189,22,54,25,46,26,71,25,50,28
190,22,54,25,46,26,70,25,50,28
191,22,53,25,46,26,72,25,50,28
192,22,54,25,46,26,71,25,50,28
193,22,53,25,46,26,72,25,49,28
194,22,52,25,46,26,71,25,49,28
195,22,54,25,46,26,70,25,50,28
196,22,54,25,46,26,71,25,49,28
197,22,54,25,46,26,71,25,49,28
198,22,54,25,45,26,71,25,49,28
199,22,53,25,46,26,71,25,49,28
200,22,54,25,45,26,72,25,49,28
201,22,52,25,45,26,72,25,49,28
202,22,52,25,46,26,71,25,49,28
203,22,53,25,46,26,72,25,49,28
204,22,53,25,45,26,71,25,49,28
205,22,53,25,46,26,71,25,49,28
206,22,53,25,46,26,71,25,49,28
207,22,52,25,45,26,72,25,49,28
208,22,52,25,45,26,72,25,49,28
209,22,53,25,45,26,72,25,49,28
210,22,53,25,45,26,70,25,49,28
211,22,52,25,45,26,71,25,48,28
212,22,53,25,45,26,70,25,49,28
213,22,53,25,45,26,70,25,49,28
214,22,53,25,45,26,70,25,48,28
215,22,52,25,45,26,69,25,48,28
216,22,53,25,45,25,69,25,48,28
217,22,54,25,45,25,70,25,48,28
218,22,52,25,45,25,69,25,48,28
219,22,52,25,45,25,69,25,48,28
220,22,52,25,45,25,70,25,48,28
221,22,52,25,44,25,70,25,48,28
222,22,52,25,44,25,71,25,48,28
223,22,53,25,45,25,67,25,48,28
224,22,52,25,45,25,68,25,49,28
225,22,52,25,45,25,71,24,50,28
226,22,52,25,44,25,71,24,50,28
227,22,53,25,44,25,67,24,49,28
228,22,52,25,45,25,70,24,49,28
229,22,53,25,44,25,69,24,49,28
230,22,52,25,44,25,70,24,49,28
231,22,53,25,44,25,70,24,49,28
232,22,52,25,44,25,70,24,49,28
233,22,53,25,44,25,68,24,49,28
234,22,54,25,45,25,70,24,49,28
235,22,53,25,44,25,69,24,48,28
236,22,52,25,44,25,69,24,48,28
237,22,52,25,44,25,70,24,48,28
238,22,52,25,44,25,69,24,48,28
239,22,52,25,44,25,68,24,48,28
240,22,52,25,44,25,70,24,48,28
241,22,52,25,44,25,70,24,49,28
242,22,52,25,45,25,71,24,48,28
243,22,54,25,45,25,70,24,48,28
244,22,56,25,44,25,71,24,48,28
245,22,57,25,44,25,71,24,51,28
246,23,56,25,45,25,73,24,54,28
247,23,56,25,46,25,74,24,55,28
248,23,55,25,46,25,77,24,56,28
249,23,56,25,48,25,75,24,58,28
250,23,57,25,48,25,79,24,59,28
251,23,57,25,48,25,75,24,60,28
252,23,57,25,49,25,74,24,60,28
253,23,57,25,49,25,76,24,60,28
254,23,60,25,50,25,76,24,61,28
255,23,60,25,51,25,77,24,61,28
256,23,56,25,52,26,78,24,60,28
257,23,56,25,53,26,78,24,61,28
258,23,58,25,53,26,75,24,60,28
259,23,57,25,53,26,76,25,60,28
260,23,58,25,53,26,75,25,60,28
261,23,58,25,54,26,75,25,60,28
262,23,58,25,54,26,73,25,60,28
263,23,58,25,53,26,75,25,59,28
264,23,58,25,53,26,76,25,59,28
265,23,57,25,53,26,76,25,59,28
266,23,57,25,52,26,75,25,58,28
267,23,58,25,52,26,77,25,58,28
268,23,57,25,52,26,77,25,57,28
269,22,58,25,52,26,77,25,57,28
270,22,57,25,51,26,79,25,57,28
271,22,57,25,51,26,75,25,57,28
272,22,57,25,51,26,74,25,56,28
273,22,56,25,51,26,74,25,56,28
274,22,57,25,50,26,75,25,55,28
275,22,57,25,50,26,76,25,55,28
276,22,56,25,50,26,78,25,55,28
277,22,57,25,50,26,73,25,54,28
278,22,57,25,49,26,73,25,54,28
279,22,56,25,49,26,72,25,54,28
280,22,57,25,49,26,75,25,54,28
281,22,57,25,49,26,73,25,54,28
282,22,56,25,49,26,74,25,53,28
283,22,56,25,49,26,73,25,53,28
284,22,56,25,49,26,72,25,53,28
285,22,55,25,49,26,74,25,53,28
286,22,55,25,49,26,73,25,53,28
287,22,55,25,48,26,72,25,53,28
288,22,55,25,48,26,71,25,52,28
289,22,55,25,48,26,71,25,52,28
290,22,55,25,48,26,70,25,52,28
291,22,54,25,48,26,70,25,52,28
292,22,55,25,48,26,71,25,52,28
293,22,54,25,48,26,70,25,52,28
294,22,54,25,48,26,71,25,52,28
295,22,55,25,47,26,71,25,52,28
296,22,55,25,48,26,72,24,51,28
297,22,57,25,47,26,72,24,54,28
298,22,59,25,48,26,74,24,56,28
299,23,58,25,48,26,74,24,57,28
300,23,57,25,48,26,75,24,58,28
301,23,57,25,49,26,76,24,59,28
302,23,57,25,50,26,76,24,60,28
303,23,58,25,52,26,77,24,62,28
304,23,59,25,52,26,77,24,62,28
305,23,59,25,52,26,78,24,63,28
306,23,59,25,53,26,79,24,63,28
307,23,59,25,53,26,78,24,63,28
308,23,59,25,54,26,78,24,62,28
309,23,59,25,55,26,76,24,63,28
310,23,59,25,55,26,74,24,63,28
311,23,62,25,55,26,75,24,62,28
312,23,61,25,55,26,76,24,62,28
313,23,61,25,55,26,76,24,62,28
314,23,61,25,55,26,76,24,62,28
315,23,61,25,55,26,76,24,61,28
316,23,60,25,55,26,77,24,61,28
317,23,59,25,54,26,75,25,60,28
318,23,59,25,54,26,79,25,60,28
319,23,59,25,54,26,79,25,59,28
320,23,59,25,53,26,76,25,59,28
321,23,58,25,53,26,77,25,58,28
322,23,58,25,53,26,79,25,58,28
323,22,59,25,53,26,75,25,58,28
324,22,58,25,52,26,74,25,57,28
325,22,58,25,52,26,77,25,57,28
326,22,58,25,52,26,77,25,57,28
327,22,58,25,52,26,76,25,57,28
328,22,57,25,51,26,73,25,56,28
329,22,57,25,51,26,75,25,56,28
330,22,57,25,51,26,75,25,56,28
331,22,57,25,50,26,75,25,55,28
332,22,57,25,50,26,74,25,55,28
333,22,57,25,50,26,73,25,55,28
334,22,56,25,50,26,75,25,55,28
335,22,57,25,50,26,73,25,54,28
336,22,57,25,50,26,74,24,54,28
337,22,57,25,50,25,74,24,54,28
338,22,57,25,49,25,74,24,54,28
339,22,56,25,49,25,72,24,54,28
340,22,57,25,49,25,71,24,53,28
341,22,56,25,49,25,73,24,53,28
342,22,56,25,49,25,75,24,53,28
343,22,57,25,49,25,71,24,53,28
344,22,56,25,49,25,71,24,53,28
345,22,56,25,49,25,73,24,53,28
346,22,56,25,48,25,73,24,52,28
347,22,57,25,49,25,70,24,52,28
348,22,59,25,48,25,72,24,53,28
349,22,59,25,48,25,74,24,55,28
350,22,59,25,48,25,77,24,57,28
351,22,59,25,48,25,77,24,58,28
352,23,58,25,49,25,77,24,59,28
353,23,58,25,50,25,76,24,60,28
354,23,59,25,51,25,79,24,62,28
355,23,59,25,52,25,78,24,63,28
356,23,60,25,53,25,77,24,64,28
357,23,59,25,52,25,78,24,64,28
358,23,60,25,53,25,79,24,64,28
359,23,60,25,54,25,79,24,63,28
360,23,59,25,55,25,79,24,63,28
361,23,59,25,56,25,78,24,64,28
362,23,60,25,56,25,80,24,63,28
363,23,63,25,56,25,78,24,63,28
364,23,63,25,56,25,82,24,64,28
365,23,63,25,56,25,81,24,65,28
366,23,62,25,56,25,80,24,65,28
367,24,63,25,56,26,82,24,66,28
368,24,62,25,56,26,82,24,66,28
369,24,63,25,58,26,82,24,67,28
370,24,62,25,58,26,81,24,68,28
371,24,62,25,58,26,82,24,69,28
372,24,64,25,58,26,83,24,69,28
373,24,65,25,59,26,84,24,69,28
374,24,63,25,60,26,85,24,69,28
375,24,63,25,60,26,84,24,69,28
376,24,63,25,60,26,82,25,69,28
377,23,64,25,60,26,81,25,68,28
378,23,65,25,60,26,81,25,68,28
379,23,65,25,61,26,81,25,68,28
380,23,64,25,60,26,84,25,67,28
381,23,65,25,60,26,81,25,67,28
382,23,64,25,59,26,80,25,66,28
383,23,63,25,59,26,80,25,65,28
384,23,63,25,59,26,79,25,65,28
385,23,63,25,58,26,80,25,64,28
386,23,63,25,58,26,79,25,64,28
387,23,63,25,57,26,80,25,63,28
388,23,62,25,57,26,78,25,63,28
389,23,62,25,57,26,79,25,62,28
390,23,63,25,56,26,79,25,62,28
391,23,62,25,56,26,79,25,62,28
392,23,62,25,56,26,78,25,62,28
393,23,61,25,55,26,77,25,61,28
394,23,62,25,55,26,76,25,61,28
395,23,65,25,55,26,77,25,60,28
396,23,64,25,55,26,78,25,61,28
397,23,64,25,55,26,79,25,63,28
398,23,64,25,55,26,81,25,64,28
399,23,64,25,55,26,81,25,65,28
400,23,64,25,55,26,83,25,67,28
401,23,64,25,57,26,83,25,67,28
402,23,65,25,58,26,83,25,68,28
403,23,66,25,58,26,82,25,68,28
404,23,65,25,58,26,83,25,69,28
405,23,64,25,58,26,82,25,69,28
406,23,64,25,59,26,83,25,69,28
407,23,64,25,59,26,84,25,68,28
408,23,64,25,60,26,84,25,68,28
409,23,64,25,61,26,81,25,68,28
410,23,64,25,61,26,80,25,68,28
411,23,65,25,60,26,81,25,68,28
412,23,65,25,60,26,81,25,67,28
413,23,65,25,60,26,83,25,66,28
414,23,64,25,60,26,81,25,66,28
415,23,64,25,60,26,80,25,66,28
416,23,63,25,59,26,81,25,65,28
417,23,64,25,58,26,79,25,65,28
418,23,63,25,58,26,79,25,64,28
419,23,63,25,58,26,80,25,63,28
420,23,63,25,57,26,79,25,63,28
421,23,63,25,57,26,78,25,62,28
422,23,63,25,56,26,78,25,62,28
423,23,63,25,56,26,79,25,62,28
424,23,62,25,56,26,79,25,61,28
425,23,61,25,55,26,77,25,61,28
426,23,62,25,55,26,80,25,60,28
427,23,64,25,55,26,77,25,60,28
428,23,65,25,55,26,81,25,62,28
429,23,64,25,55,26,83,25,65,28
430,23,62,25,55,26,84,25,65,28
431,23,64,25,56,26,82,25,65,28
432,23,64,25,58,26,82,25,67,28
433,23,64,25,58,26,82,25,68,28
434,23,65,25,59,26,82,25,69,28
435,23,65,25,59,26,83,25,69,28
436,23,64,25,59,26,84,25,69,28
437,23,64,25,59,26,83,25,69,28
438,23,64,25,61,26,84,25,69,28
439,23,64,25,61,26,83,25,69,28
440,23,64,25,61,26,81,25,69,28
441,23,65,25,61,26,81,25,69,28
442,23,66,25,61,26,82,25,68,28
443,23,68,25,60,26,83,25,68,28
444,23,67,25,60,26,82,25,67,28
445,23,65,25,60,26,81,25,67,28
446,23,65,25,60,26,82,25,66,28
447,23,64,25,59,26,81,25,65,28
448,23,63,25,59,26,79,25,65,28
449,23,63,25,58,26,81,25,64,28
450,23,65,25,58,26,82,25,63,28
451,23,63,25,58,26,78,25,63,28
452,23,63,25,57,26,80,25,62,28
453,23,63,25,57,26,82,25,62,28
454,23,63,25,56,26,78,25,62,28
455,23,63,25,56,26,77,25,61,28
456,23,63,25,55,26,77,25,61,28
457,23,64,25,55,26,79,25,62,28
458,23,65,25,55,26,79,25,62,28
459,23,65,25,55,26,82,25,64,28
460,23,64,25,56,26,81,24,65,28
461,23,64,25,55,26,82,24,65,28
462,23,63,25,56,26,85,24,67,28
463,23,66,25,57,26,84,24,68,28
464,23,64,25,58,26,86,24,68,28
465,23,65,25,58,26,86,24,69,28
466,23,64,25,59,26,85,24,69,28
467,23,65,25,59,26,84,24,70,28
468,23,64,25,60,26,84,24,69,28
469,23,64,25,60,26,83,24,69,28
470,23,64,25,61,26,84,24,69,28
471,23,65,25,61,26,82,24,69,28
472,23,66,25,61,26,85,24,69,28
473,23,67,25,61,26,85,24,68,28
474,23,66,25,60,26,81,24,68,28
475,23,65,25,60,26,80,24,67,28
476,23,66,25,60,26,80,24,66,28
477,23,64,25,59,26,81,24,66,28
478,23,64,25,59,26,81,24,65,28
479,23,64,25,59,26,78,24,64,28
480,23,63,25,58,26,80,24,64,28
481,23,64,25,58,26,78,24,63,28
482,23,64,25,57,26,78,24,63,28
483,23,65,25,57,26,80,24,62,28
484,23,65,25,57,26,79,24,63,28
485,23,65,25,57,26,80,24,64,28
486,23,65,25,57,26,81,24,66,28
487,23,65,25,57,26,84,24,66,28
488,23,63,25,57,26,85,24,67,28
489,23,66,25,58,26,85,24,69,28
490,24,65,25,59,26,83,24,70,28
491,24,67,25,59,26,83,24,70,28
492,24,66,25,60,26,83,24,71,28
493,24,66,25,60,26,84,24,71,28
494,24,67,25,60,26,85,24,71,28
495,24,66,25,61,26,88,24,73,28
496,24,68,25,61,26,88,24,73,28
497,24,67,25,62,26,85,24,73,28
498,24,68,25,62,26,86,24,73,28
499,24,67,25,63,26,86,24,74,28
500,24,68,25,63,26,86,24,74,28
501,24,69,25,64,26,88,24,74,28
502,24,68,25,64,26,88,24,75,28
503,24,69,25,65,26,87,24,75,28
504,24,69,25,65,26,87,24,76,28
505,24,68,25,65,26,88,24,76,28
506,24,67,25,66,26,89,24,75,28
507,24,68,25,67,26,87,24,75,28
508,24,68,25,67,26,87,24,75,28
509,24,69,25,67,26,85,24,74,28
510,24,69,25,67,26,83,24,74,28
511,24,69,25,66,26,84,24,73,28
512,24,70,25,66,26,83,24,72,28
513,24,71,25,65,26,85,24,72,28
514,24,69,25,64,26,85,24,71,28
515,24,69,25,64,26,82,24,70,28
516,23,67,25,63,26,82,24,70,28
517,23,67,25,63,26,83,24,69,28
518,23,66,25,62,26,85,24,68,28
519,23,66,25,62,26,80,24,68,28
520,23,67,25,62,26,80,24,67,28
521,23,66,25,61,26,79,24,67,28
522,23,66,25,61,26,84,24,66,28
523,23,66,25,60,26,83,24,66,28
524,23,65,25,60,26,79,24,65,28
525,23,67,25,60,26,79,24,65,28
526,23,68,25,60,26,80,24,65,28
527,23,68,25,59,26,84,24,67,28
528,23,68,25,59,26,84,24,68,28
529,23,68,25,59,26,86,24,69,28
530,23,66,25,59,26,84,24,70,28
531,24,67,25,61,26,84,24,71,28
532,24,68,25,62,26,85,24,72,28
533,24,69,25,62,26,86,24,72,28
534,24,68,25,62,26,86,24,73,28
535,24,68,25,62,26,86,24,73,28
536,24,68,25,63,26,86,24,74,28
537,24,67,25,63,26,87,24,74,28
538,24,68,25,63,26,87,24,75,28
539,24,68,25,63,26,87,24,75,28
540,24,69,25,64,26,88,24,75,28
541,24,69,25,65,26,88,24,76,28
542,24,71,25,65,26,87,24,76,28
543,24,70,25,66,26,88,24,76,28
544,24,70,25,66,26,88,24,77,28
545,24,71,25,67,26,87,24,77,28
546,24,71,25,67,26,88,24,77,28
547,24,70,25,67,26,88,25,77,28
548,24,70,25,67,26,89,25,77,28
549,24,69,25,68,26,87,25,76,28
550,24,69,25,69,26,89,25,76,28
551,24,71,25,68,26,85,25,76,28
552,24,71,25,68,26,86,25,76,28
553,24,72,25,68,26,84,25,75,28
554,24,71,25,67,26,85,25,72,28
555,24,71,25,67,26,84,25,72,28
556,24,70,25,66,26,85,25,72,28
557,24,69,25,66,26,85,25,72,28
558,23,69,25,65,26,84,25,71,28
559,23,70,25,64,26,84,25,70,28
560,23,69,25,64,26,83,25,70,28
561,23,68,25,64,26,85,25,70,28
562,23,68,25,63,26,82,25,69,28
563,23,68,25,63,26,82,25,68,28
564,23,66,25,62,26,84,25,68,28
565,23,67,25,62,26,81,25,67,28
566,23,67,25,61,26,81,25,67,28
567,23,67,25,61,26,82,25,67,28
568,23,67,25,61,26,84,25,66,28
569,23,69,25,60,26,82,25,66,28
570,23,70,25,60,26,82,25,69,28
571,23,69,25,60,26,84,25,70,28
572,23,67,25,61,26,84,25,70,28
573,24,67,25,61,26,84,25,71,28
574,24,68,25,61,26,84,25,73,28
575,24,70,25,63,26,85,25,73,28
576,24,69,25,63,26,86,25,73,28
577,24,69,25,63,26,86,25,74,28
578,24,68,25,63,26,86,25,75,28
579,24,68,25,63,26,86,25,75,28
580,24,68,25,64,26,86,25,75,28
581,24,69,25,65,26,87,25,76,28
582,24,70,25,65,26,87,25,76,28
583,24,70,25,66,26,89,25,76,28
584,24,70,25,66,26,87,25,77,28
585,24,70,25,67,26,87,25,77,28
586,24,70,25,67,26,87,25,77,28
587,24,71,25,67,26,87,25,77,28
588,24,70,25,68,26,89,25,76,28
589,24,69,25,68,26,87,25,76,28
590,24,69,25,69,26,86,25,76,28
591,24,70,25,69,26,86,25,75,28
592,24,71,25,69,26,85,25,76,28
593,24,70,25,68,26,87,25,75,28
594,24,70,25,68,26,85,25,74,28
595,24,71,25,68,26,85,25,74,28
596,24,70,25,68,26,85,25,73,28
597,24,69,25,66,26,85,25,73,28
598,24,69,25,66,26,84,25,72,28
599,24,69,25,65,26,86,25,72,28
600,24,68,25,64,26,83,25,71,28
601,24,69,25,64,26,83,25,71,28
602,24,68,25,63,26,85,25,70,28
603,24,72,25,63,26,82,25,69,28
604,24,69,25,63,26,83,25,69,28
605,24,70,25,63,26,86,25,71,28
606,24,70,25,63,26,85,25,72,28
607,24,70,25,62,26,85,25,72,28
608,24,69,25,63,26,87,25,73,28
609,24,70,25,65,26,87,25,75,28
610,24,70,25,65,26,86,25,75,28
611,24,71,25,65,26,86,25,75,28
612,24,70,25,65,26,86,25,76,28
613,24,70,25,65,26,86,25,76,28
614,24,69,25,66,26,87,25,76,28
615,24,70,25,66,26,87,25,77,28
616,24,70,25,67,26,87,25,77,28
617,24,70,25,67,26,87,25,77,28
618,24,71,25,68,26,87,25,78,28
619,24,72,25,68,26,88,25,78,28
620,24,72,25,68,26,88,25,78,28
621,25,72,26,70,26,88,25,78,28
622,25,72,26,70,26,89,25,79,28
623,25,73,26,70,26,88,25,79,28
624,25,73,26,71,26,89,25,79,28
625,25,73,26,71,26,91,25,80,28
626,25,73,26,72,26,89,25,80,28
627,25,73,26,72,26,89,25,80,28
628,25,73,26,72,26,91,25,80,28
629,25,73,26,73,26,89,25,80,28
630,25,74,26,73,26,89,25,81,28
631,25,74,26,73,26,91,25,81,28
632,25,75,26,74,26,89,25,81,28
633,25,75,26,74,26,90,25,82,28
634,25,74,26,75,26,90,25,82,28
635,25,74,26,75,26,90,25,82,28
636,25,75,26,75,26,89,25,82,28
637,25,74,26,75,26,90,25,82,28
638,25,75,26,76,26,90,25,82,28
639,25,75,26,76,26,90,25,83,28
640,25,75,26,76,26,90,25,83,28
641,25,76,26,76,26,91,25,83,28
642,25,76,26,77,26,91,25,83,28
643,25,76,26,77,26,91,25,83,28
644,25,76,26,77,26,91,25,83,28
645,25,76,26,77,26,91,25,83,28
646,25,76,26,77,27,92,25,84,28
647,25,76,26,78,27,91,25,83,28
648,25,75,26,78,27,91,25,83,28
649,25,74,26,79,27,91,25,82,28
650,25,75,26,79,27,91,25,82,28
651,25,75,26,78,27,91,25,82,28
652,25,76,26,78,27,90,25,82,28
653,25,76,26,77,27,89,25,81,28
654,25,76,26,77,27,89,25,80,28
655,25,77,26,76,27,90,25,80,28
656,24,75,26,75,27,89,25,80,28
657,24,74,26,74,27,88,25,79,28
658,24,76,26,73,27,87,25,78,28
659,24,75,26,72,27,89,25,78,28
660,24,75,26,72,27,87,25,77,28
661,24,73,26,71,27,86,25,76,28
662,24,73,26,71,27,88,25,75,28
663,24,72,26,69,27,85,25,75,28
664,24,72,26,69,26,85,25,75,28
665,24,72,26,69,26,87,25,74,28
666,24,72,26,68,26,83,25,73,28
667,24,72,26,68,26,84,25,73,28
668,24,72,26,66,26,83,25,72,28
669,24,72,26,66,26,83,25,72,29
670,24,73,26,66,26,85,25,73,29
671,24,73,26,66,26,86,25,75,29
672,24,72,26,66,26,85,25,75,29
673,24,72,26,67,26,87,25,75,29
674,24,71,26,67,26,87,25,76,29
675,24,72,26,68,26,86,25,77,29
676,24,73,26,68,26,87,25,77,29
677,24,74,26,69,26,89,25,78,29
678,24,73,26,69,26,88,25,78,29
679,24,74,26,69,26,88,25,79,29
680,24,73,26,69,26,88,25,79,29
681,24,73,26,69,26,88,25,79,29
682,24,73,26,70,26,88,25,80,29
683,25,73,26,71,26,88,25,80,29
684,25,72,26,71,26,89,25,80,29
685,25,73,26,73,26,91,25,80,29
686,25,73,26,73,26,90,25,80,29
687,25,74,26,73,26,89,25,81,29
688,25,74,26,74,26,89,25,81,29
689,25,74,26,74,26,90,25,81,29
690,25,74,26,74,26,89,25,81,29
691,25,74,26,75,26,90,25,81,29
692,25,74,26,75,26,92,25,82,29
693,25,75,26,75,26,89,25,82,29
694,25,75,26,75,26,90,25,82,29
695,25,75,26,76,26,90,25,82,29
696,25,75,26,76,26,89,25,82,29
697,25,75,26,76,26,92,25,83,29
698,25,75,26,76,26,90,25,83,29
699,25,75,26,77,26,91,25,83,29
700,25,75,26,77,26,91,25,83,29
701,25,75,26,77,26,92,25,83,29
702,25,75,26,77,26,90,25,83,29
703,25,76,26,78,27,90,25,83,29
704,25,75,26,78,27,92,25,83,29
705,25,74,26,78,27,89,25,83,29
706,25,74,26,78,27,90,25,82,29
707,25,75,26,78,27,89,25,82,29
708,25,75,26,77,27,91,25,81,29
709,25,76,26,77,27,89,25,81,29
710,25,75,26,75,27,88,25,81,29
711,25,75,26,75,27,90,25,80,29
712,24,75,26,74,27,87,25,79,29
713,24,75,26,73,27,87,25,79,29
714,24,75,26,73,27,86,25,78,29
715,24,75,26,72,27,86,25,77,29
716,24,72,26,70,27,87,25,75,29
717,24,73,26,70,27,85,25,75,29
718,24,72,26,70,26,82,25,74,29
719,24,73,26,69,26,85,25,74,29
720,24,71,26,69,26,83,25,73,29
721,24,71,26,68,26,82,25,72,29
722,24,72,26,67,26,82,25,72,29
723,24,72,26,67,26,82,25,72,29
724,24,73,26,67,26,84,25,72,29
725,24,73,26,66,26,82,25,73,29
726,24,74,26,66,26,84,25,74,29
727,24,73,26,66,26,86,25,75,29
728,24,72,26,67,26,86,25,75,29
729,24,71,26,67,26,86,25,74,29
730,24,71,26,67,26,86,25,74,29
731,24,71,26,68,26,86,25,75,29
732,24,72,26,68,26,86,25,75,29
733,24,72,26,68,26,85,25,75,29
734,25,72,26,68,26,87,25,75,29
735,25,72,26,69,26,87,25,76,29
736,25,72,26,69,26,87,25,76,29
737,25,72,26,69,26,87,25,76,29
738,25,71,26,70,26,87,25,76,29
739,25,72,26,70,26,86,25,76,29
740,25,71,26,71,26,88,25,76,29
741,25,71,26,71,26,87,25,76,29
742,25,71,26,71,26,88,25,76,29
743,25,71,26,71,26,87,25,76,29
744,25,72,26,71,26,88,25,76,29
745,25,72,26,72,27,89,26,77,29
746,25,72,26,72,27,88,26,78,29
747,25,72,26,72,27,88,26,78,29
748,25,72,26,72,27,90,26,78,29
749,25,72,26,72,27,89,26,78,29
750,25,72,26,73,27,88,26,78,29
751,25,72,26,73,27,88,26,78,29
752,25,72,26,73,27,88,26,78,29
753,25,73,26,73,27,89,26,79,29
754,25,74,26,73,27,89,26,79,29
755,25,74,26,74,27,89,26,79,29
756,26,74,26,74,27,88,26,79,29
757,26,75,26,74,27,89,26,79,29
758,26,74,26,74,27,89,26,79,29
759,26,74,26,74,27,88,26,79,29
760,26,75,26,74,27,88,26,80,29
761,26,74,26,75,27,89,26,80,29
762,26,75,26,75,27,88,26,80,29
763,26,75,26,75,27,89,26,80,29
764,26,75,26,75,27,89,26,80,29
765,26,75,26,76,27,90,26,80,29
766,26,75,26,76,27,90,26,80,29
767,26,75,26,76,27,90,26,81,29
768,26,75,26,76,27,90,26,81,29
769,26,75,26,76,27,90,26,81,29
770,26,75,26,76,27,89,26,81,29
771,26,76,26,77,27,89,26,81,29
772,26,76,26,77,27,90,26,82,29
773,26,75,26,77,27,91,26,82,29
774,26,76,26,78,27,92,26,82,29
775,26,77,26,78,27,92,26,82,29
776,26,76,26,78,27,90,26,82,29
777,26,77,26,79,27,90,26,83,29
778,26,77,26,78,27,91,26,83,29
779,26,77,26,78,27,91,26,83,29
780,26,77,26,79,27,90,26,84,29
781,26,77,26,79,27,91,26,84,29
782,26,77,26,79,27,91,26,84,29
783,26,77,26,80,27,92,26,84,29
784,26,78,26,80,27,91,26,85,29
785,26,77,26,80,27,91,26,85,29
786,26,77,26,80,27,92,26,85,29
787,26,78,26,81,27,91,26,85,29
788,26,77,26,80,27,92,26,85,29
789,26,77,26,80,27,92,26,86,29
790,26,77,26,81,27,92,26,86,29
791,26,77,26,81,27,92,26,86,29
792,26,78,26,82,27,93,26,86,29
793,26,78,26,82,27,93,26,86,29
794,26,78,26,82,27,93,26,86,29
795,26,78,26,82,27,93,26,87,29
796,26,78,26,83,27,92,26,87,29
797,26,78,26,83,27,92,26,87,29
798,26,78,26,83,27,93,26,87,29
799,26,79,26,83,27,94,26,87,29
800,26,78,26,83,27,93,26,87,29
801,26,79,26,84,27,93,26,88,29
802,26,79,26,83,27,95,26,88,29
803,26,79,26,84,27,94,26,88,29
804,26,79,26,84,27,93,26,88,29
805,26,79,26,84,27,94,26,88,29
806,26,79,26,84,27,94,26,88,29
807,26,79,26,84,27,94,26,88,29
808,26,80,26,84,27,94,26,88,29
809,26,80,26,85,27,94,26,88,29
810,26,80,26,85,27,94,26,88,29
811,26,80,26,85,27,94,26,88,29
812,26,80,26,85,27,94,26,88,29
813,26,80,26,85,27,94,26,88,29
814,26,80,26,85,27,95,26,88,29
815,26,80,26,85,27,94,26,89,29
816,26,80,26,85,27,95,26,88,29
817,26,80,26,85,27,94,26,89,29
818,26,80,26,85,27,95,26,88,29
819,26,80,26,85,27,95,26,89,29
820,26,78,26,85,27,94,26,88,29
821,26,78,26,85,27,93,26,87,29
822,26,79,26,85,27,94,26,87,29
823,26,79,26,85,27,94,26,87,29
824,26,78,26,84,27,92,26,87,29
825,26,79,26,83,27,93,26,86,29
826,25,78,26,83,27,93,26,85,29
827,25,78,26,82,27,92,26,85,29
828,25,78,26,81,27,91,26,84,29
829,25,78,26,79,27,90,26,83,29
830,25,78,26,79,27,90,26,83,29
831,25,77,26,78,27,89,26,82,29
832,25,78,26,78,27,88,26,81,29
833,25,77,26,77,27,88,26,80,29
834,25,76,26,76,27,87,26,80,29
835,25,78,26,75,27,86,26,79,29
836,25,77,26,74,27,87,26,79,29
837,25,76,26,74,27,86,26,78,29
838,25,76,26,72,27,86,26,78,29
839,25,73,26,72,27,85,26,77,29
840,25,75,26,72,27,84,26,77,29
841,25,76,26,72,27,85,26,76,29
842,25,77,26,71,27,88,26,79,29
843,25,77,26,71,27,89,26,79,29
844,25,76,26,71,27,90,26,79,29
845,25,75,26,72,27,90,26,79,29
846,25,76,26,72,27,89,26,79,29
847,25,75,26,73,27,88,26,79,29
848,25,75,26,73,27,89,26,79,29
849,25,75,26,74,27,89,26,80,29
850,25,76,26,74,27,89,26,80,29
851,25,76,26,74,27,89,26,80,29
852,25,75,26,74,27,89,26,80,29
853,25,76,26,74,27,89,26,81,29
854,25,75,26,74,27,90,26,80,29
855,25,75,26,75,27,90,26,81,29
856,25,75,26,75,27,89,26,80,29
857,25,75,26,75,27,90,26,81,29
858,25,75,26,76,27,90,26,81,29
859,25,75,26,76,27,90,26,81,29
860,25,75,26,76,27,92,26,81,29
861,26,75,26,76,27,90,26,81,29
862,26,76,26,76,27,89,26,81,29
863,26,76,26,76,27,89,26,81,29
864,26,76,26,76,27,90,26,82,29
865,26,76,26,77,27,90,26,82,29
866,26,76,26,77,27,92,26,82,29
867,26,76,26,77,27,90,26,82,29
868,26,76,26,77,27,91,26,82,29
869,26,76,26,77,27,90,26,82,29
870,26,76,26,77,27,91,26,82,29
871,26,76,26,77,27,91,26,82,29
872,26,77,26,78,27,91,26,82,29
873,26,77,26,78,27,93,26,83,29
874,26,77,26,78,27,91,26,83,29
875,26,77,26,79,27,91,26,83,29
876,26,77,26,78,27,92,26,83,29
877,26,77,26,79,27,91,26,83,29
878,26,77,26,79,27,91,26,83,29
879,26,77,26,79,27,91,26,83,29
880,26,77,27,79,27,91,26,83,29
881,26,77,27,79,27,91,26,83,29
882,26,77,27,80,27,91,26,84,29
883,26,77,27,79,27,92,26,84,29
884,26,77,27,79,27,91,26,84,29
885,26,78,27,79,27,92,26,85,29
886,26,78,27,80,27,91,26,85,29
887,26,78,27,80,27,92,26,85,29
888,26,78,27,81,27,91,26,86,29
889,26,78,27,81,27,92,26,86,29
890,26,78,27,81,27,92,26,86,29
891,26,78,27,81,27,93,26,86,29
892,26,78,27,82,27,94,26,86,29
893,26,78,27,82,27,92,26,86,29
894,26,79,27,82,27,94,26,86,29
895,26,79,27,82,27,93,26,87,29
896,26,79,27,83,27,93,26,87,29
897,26,79,27,83,27,95,26,87,29
898,26,79,27,83,27,92,26,87,29
899,26,79,27,83,27,93,26,87,29
900,26,79,27,83,27,93,26,87,29
901,26,80,27,84,27,95,26,88,29
902,26,79,27,84,27,94,26,88,29
903,26,80,27,84,27,94,26,88,29
904,26,79,27,84,27,94,26,88,29
905,26,80,27,85,27,94,26,88,29
906,26,79,27,85,27,94,26,88,29
907,26,80,27,85,27,95,26,88,29
908,26,80,27,85,27,94,26,88,29
909,27,80,27,85,27,94,26,88,29
910,27,80,27,85,27,94,26,88,29
911,27,80,27,85,27,95,26,88,29
912,27,80,27,85,27,94,26,88,29
913,27,80,27,85,27,94,26,89,29
914,27,80,27,86,27,94,26,89,29
915,27,81,27,86,27,95,26,89,29
916,27,80,27,86,27,95,26,88,29
917,27,80,27,86,27,95,26,89,29
918,27,81,27,86,27,95,26,89,29
919,27,80,27,86,27,95,26,89,29
920,27,81,27,87,27,95,26,89,29
921,27,81,27,86,27,95,26,89,29
922,27,80,27,87,27,95,26,89,29
923,27,81,27,87,27,95,26,89,29
924,27,81,27,87,27,95,26,89,29
925,27,81,27,87,27,95,26,89,29
926,27,80,27,87,27,95,26,89,29
927,27,81,27,87,27,95,26,89,29
928,27,81,27,87,27,95,26,89,29
929,27,81,27,87,27,95,26,89,29
930,27,81,27,87,27,95,26,89,29
931,27,81,27,87,27,95,26,89,29
932,27,81,27,87,27,95,26,89,29
933,27,81,27,87,27,95,26,89,29
934,27,81,27,87,27,95,26,89,29
935,27,81,27,88,27,95,26,89,29
936,27,81,27,88,27,95,26,89,29
937,27,81,27,88,27,95,26,89,29
938,27,81,27,88,27,95,26,89,29
939,27,81,27,88,27,95,26,90,29
940,27,81,27,88,27,95,26,89,29
941,27,81,27,88,27,95,26,89,29
942,27,81,27,88,27,95,26,90,29
943,27,81,27,88,27,95,26,90,29
944,27,81,27,88,27,95,26,90,29
945,27,81,27,88,27,95,26,90,29
946,27,81,27,88,27,95,26,90,29
947,27,81,27,88,27,95,26,90,29
948,27,81,27,88,27,95,26,90,29
949,27,81,27,88,27,95,26,89,29
950,27,81,27,88,27,95,26,90,29
951,27,81,27,88,27,95,26,89,29
952,27,81,27,88,27,95,26,89,29
953,27,80,27,88,27,95,26,88,29
954,27,80,27,88,27,95,26,88,29
955,27,80,27,86,27,95,26,88,29
956,26,81,27,86,27,94,26,88,29
957,26,81,27,85,27,94,26,88,29
958,26,80,27,84,27,95,26,86,29
959,26,81,27,84,27,93,26,86,29
960,26,80,27,83,27,92,26,85,29
961,26,80,27,82,27,93,26,85,29
962,26,79,27,81,27,92,26,84,29
963,26,83,27,81,27,93,26,84,29
964,26,81,27,80,27,90,26,84,29
965,26,83,27,80,27,92,26,86,29
966,26,82,27,80,27,93,26,86,29
967,26,81,27,80,27,93,26,86,29
968,26,81,27,80,27,93,26,86,29
969,26,81,27,81,27,95,26,87,29
970,26,82,27,82,27,94,26,87,29
971,26,82,27,82,27,93,26,88,29
972,26,81,27,82,27,94,26,88,29
973,26,81,27,82,27,94,26,88,29
974,26,81,27,82,27,95,26,88,29
975,26,82,27,82,27,94,26,88,29
976,26,81,27,83,27,95,26,89,29
977,26,81,27,84,27,95,26,89,29
978,26,82,27,85,27,95,26,89,29
979,26,82,27,85,27,95,26,89,29
980,26,82,27,85,27,95,26,89,29
981,26,82,27,85,27,95,26,89,29
982,26,82,27,86,27,95,26,89,29
983,26,82,27,86,27,95,26,89,29
984,26,82,27,86,27,95,26,90,29
985,26,83,27,86,27,95,26,90,29
986,26,83,27,86,27,95,26,90,29
987,26,83,27,87,27,95,26,90,29
988,26,83,27,87,27,95,26,90,29
989,26,83,27,87,27,95,26,90,29
990,26,83,27,87,27,95,26,90,29
991,26,83,27,87,27,95,26,90,29
992,26,83,27,87,27,95,26,90,29
993,26,83,27,87,27,95,26,90,29
994,26,83,27,87,27,95,26,90,29
995,26,83,27,87,27,95,26,90,29
996,26,83,27,87,27,95,26,90,29
997,27,83,27,87,27,95,26,90,29
998,27,83,27,88,27,95,26,90,29
999,27,83,27,88,27,95,26,91,29
1000,27,83,27,88,27,95,26,90,29
1001,27,83,27,88,27,95,26,90,29
1002,27,83,27,88,27,95,26,90,29
1003,27,83,27,88,27,95,26,91,29
1004,27,83,27,88,27,95,26,90,29
1005,27,82,27,88,27,95,26,90,29
1006,27,83,27,88,27,95,26,91,29
1007,27,83,27,88,27,95,26,90,29
1008,27,83,27,88,27,95,26,90,29
1009,27,82,27,88,27,95,26,90,29
1010,27,82,27,88,27,95,26,90,29
1011,27,82,27,89,27,95,26,90,29
1012,27,82,27,88,27,95,26,90,29
1013,27,82,27,88,27,95,26,90,29
1014,27,82,27,88,27,95,26,90,29
1015,27,82,27,89,27,95,26,90,29
1016,27,82,27,88,27,95,26,90,29
1017,27,82,27,88,27,95,26,90,29
1018,27,82,27,88,27,95,26,90,29
1019,27,82,27,89,27,95,26,90,29
1020,27,82,27,89,27,95,26,90,29
1021,27,82,27,89,27,95,26,90,29
1022,27,82,27,89,27,95,27,90,29
1023,27,82,27,89,27,95,27,90,29
1024,27,82,27,89,27,95,27,90,29
1025,27,82,27,89,27,95,27,90,29
1026,27,82,27,89,27,95,27,90,29
1027,27,82,27,89,27,95,27,90,29
1028,27,82,27,88,27,95,27,90,29
1029,27,82,27,88,27,95,27,90,29
1030,27,82,27,88,27,95,27,90,29
1031,27,82,27,88,27,95,27,90,29
1032,27,82,27,88,27,95,27,90,29
1033,27,82,27,88,27,95,27,90,29
1034,27,82,27,88,27,95,27,90,29
1035,27,82,27,89,27,95,27,90,29
1036,27,82,27,89,27,95,27,90,29
1037,27,82,27,89,27,95,27,90,29
1038,27,82,27,89,27,95,27,90,29
1039,27,82,27,89,27,95,27,90,29
1040,27,82,27,89,27,95,27,90,29
1041,27,82,27,89,27,95,27,90,29
1042,27,82,27,88,27,95,27,90,29
1043,27,82,27,88,28,95,27,90,29
1044,27,82,27,89,28,95,27,90,29
1045,27,82,27,89,28,95,27,90,29
1046,27,82,27,89,28,95,27,89,29
1047,27,81,27,89,28,95,27,89,29
1048,27,82,27,89,28,95,27,90,29
1049,27,82,27,88,28,95,27,89,29
1050,27,82,27,88,28,95,27,90,29
1051,28,83,27,88,28,95,27,89,29
1052,28,83,27,88,28,95,27,90,29
1053,28,83,27,89,28,95,27,89,29
1054,28,83,27,89,28,95,27,89,29
1055,28,83,27,88,28,95,27,89,29
1056,28,83,27,88,28,95,27,89,29
1057,28,83,27,88,28,95,27,89,29
1058,28,83,27,89,28,95,27,89,29
1059,28,83,27,88,28,95,27,89,29
1060,28,83,27,88,28,95,27,89,29
1061,28,83,27,88,28,95,27,89,29
1062,28,83,27,88,28,95,27,89,29
1063,28,83,27,88,28,95,27,89,29
1064,28,83,27,88,28,95,27,89,29
1065,28,82,27,88,28,95,27,89,29
1066,28,82,27,89,28,95,27,89,29
1067,28,82,27,88,28,95,27,89,29
1068,28,82,27,88,28,95,27,89,29
1069,28,82,27,88,28,95,27,89,29
1070,28,82,27,88,28,95,27,89,29
1071,28,82,27,88,28,95,27,89,29
1072,28,82,27,88,28,95,27,89,29
1073,28,82,27,88,28,95,27,89,29
1074,28,82,27,88,28,95,27,89,29
1075,28,82,27,88,28,95,27,89,29
1076,28,82,27,88,28,95,27,89,29
1077,28,82,27,88,28,95,27,89,29
1078,28,82,27,88,28,95,27,89,29
1079,28,82,27,88,28,95,27,89,29
1080,28,82,27,88,28,95,27,89,29
1081,28,82,27,88,28,95,27,89,29
1082,28,82,27,88,28,95,27,89,29
1083,28,82,27,88,28,95,27,89,29
1084,28,82,27,87,28,95,27,89,29
1085,28,82,27,88,28,95,27,89,29
1086,28,82,27,88,28,95,27,89,29
1087,28,81,27,88,28,95,27,88,29
1088,28,81,27,87,28,95,27,88,29
1089,28,82,27,88,28,95,27,88,29
1090,28,82,27,88,28,95,27,88,29
1091,28,81,27,88,28,95,27,88,29
1092,28,81,27,88,28,95,27,88,29
1093,28,81,27,88,28,95,27,88,29
1094,28,81,27,88,28,95,27,88,29
1095,28,81,27,88,28,95,27,88,29
1096,28,81,27,87,28,95,27,88,29
1097,28,81,27,87,28,95,27,88,29
1098,28,81,27,87,28,95,27,88,29
1099,28,81,27,88,28,95,27,88,29
1100,28,81,27,87,28,95,27,88,29
1101,28,81,27,88,28,95,27,88,29
1102,28,81,27,87,28,95,27,88,29
1103,28,81,28,88,28,95,27,88,29
1104,28,81,28,88,28,95,27,88,29
1105,28,81,28,88,28,95,27,88,29
1106,28,81,28,88,28,95,27,87,29
1107,28,81,28,88,28,95,27,87,29
1108,28,81,28,88,28,95,27,87,29
1109,28,80,28,88,28,95,27,87,29
1110,28,80,28,88,28,95,27,87,29
1111,28,80,28,88,28,95,27,87,29
1112,28,80,28,88,28,95,27,87,29
1113,28,80,28,88,28,95,27,87,29
1114,28,80,28,88,28,95,27,87,29
1115,28,80,28,88,28,95,27,87,29
1116,28,80,28,88,28,95,27,87,29
1117,28,80,28,88,28,95,27,87,29
1118,28,80,28,88,28,95,27,87,29
1119,28,80,28,88,28,95,27,87,29
1120,28,80,28,87,28,95,27,87,29
1121,28,80,28,87,28,95,27,87,29
1122,28,80,28,87,28,95,27,87,29
1123,28,80,28,87,28,95,27,87,29
1124,28,80,28,87,28,95,27,87,29
1125,28,80,28,87,28,95,27,87,29
1126,28,80,28,87,28,95,27,87,29
1127,28,80,28,87,28,95,27,86,29
1128,28,80,28,87,28,95,27,86,29
1129,28,80,28,87,28,95,27,86,29
1130,28,79,28,87,28,95,27,86,29
1131,28,79,28,87,28,95,27,86,29
1132,28,79,28,87,28,95,27,86,29
1133,28,79,28,87,28,95,27,86,29
1134,28,79,28,87,28,95,27,86,29
1135,28,79,28,87,28,95,27,87,29
1136,28,79,28,87,28,95,27,86,29
1137,28,79,28,86,28,95,27,86,29
1138,28,79,28,86,28,95,27,86,29
1139,28,79,28,86,28,95,27,86,29
1140,28,79,28,86,28,95,27,86,29
1141,28,79,28,86,28,95,27,86,29
1142,28,79,28,86,28,95,27,86,29
1143,28,79,28,86,28,95,27,86,29
1144,28,79,28,86,28,95,27,86,29
1145,28,78,28,86,28,94,27,86,29
1146,28,79,28,86,28,94,27,86,29
1147,28,79,28,86,28,95,27,85,29
1148,28,78,28,86,28,94,27,86,29
1149,28,78,28,86,28,94,27,85,29
1150,28,78,28,86,28,94,28,86,29
1151,28,78,28,86,28,94,28,85,29
1152,28,78,28,86,28,94,28,86,29
1153,28,78,28,86,28,94,28,86,29
1154,28,78,28,86,28,95,28,86,29
1155,28,78,28,85,28,94,28,85,29
1156,28,78,28,85,28,94,28,85,29
1157,28,78,28,86,28,94,28,86,29
1158,28,78,28,85,28,93,28,86,29
1159,28,78,28,85,28,94,28,86,29
1160,28,78,28,85,28,94,28,86,29
1161,28,78,28,85,28,94,28,86,29
1162,28,78,28,85,28,95,28,86,29
1163,28,78,28,85,28,94,28,85,29
1164,28,77,28,85,28,94,28,86,29
1165,28,77,28,85,28,93,28,86,29
1166,28,77,28,85,28,93,28,86,29
1167,28,77,28,85,28,93,28,85,29
1168,28,77,28,85,28,93,28,85,29
1169,28,77,28,85,28,93,28,85,29
1170,28,77,28,85,28,93,28,85,29
1171,28,77,28,84,28,93,28,85,29
1172,28,77,28,84,28,93,28,85,29
1173,28,77,28,84,28,93,28,85,29
1174,28,77,28,84,28,94,28,85,29
1175,28,77,28,84,28,93,28,85,29
1176,28,77,28,84,28,93,28,85,29
1177,28,77,28,84,28,93,28,85,29
1178,28,77,28,84,28,92,28,85,29
1179,28,77,28,84,28,93,28,85,29
1180,28,77,28,84,28,93,28,85,29
1181,28,77,28,84,28,93,28,84,29
1182,28,76,28,84,28,93,28,85,29
1183,28,76,28,84,28,93,28,84,29
1184,28,76,28,84,28,93,28,85,29
1185,28,76,28,84,28,92,28,84,29
1186,28,76,28,84,28,93,28,84,29
1187,28,76,28,83,28,92,28,84,29
1188,28,76,28,83,28,92,28,84,29
1189,28,76,28,83,28,92,28,84,29
1190,28,76,28,83,28,92,28,84,29
1191,28,76,28,84,28,92,28,84,29
1192,28,76,28,83,28,92,28,84,29
1193,28,76,28,83,28,92,28,84,29
1194,28,76,28,83,28,91,28,84,29
1195,28,76,28,83,28,92,28,84,29
1196,28,76,28,83,28,92,28,84,29
1197,28,76,28,83,28,92,28,84,29
1198,28,76,28,83,28,92,28,84,29
1199,28,76,28,83,28,92,28,84,29
1200,28,76,28,83,28,92,28,84,29
